{"cameraMode":{"drawMode":0,"name":"Shaded","section":"Shading Mode"},"sceneLighting":true,"audioPlay":false,"sceneViewState":{"m_AlwaysRefresh":false,"showFog":true,"showSkybox":true,"showFlares":true,"showImageEffects":true,"showParticleSystems":true,"showVisualEffectGraphs":true,"m_FxEnabled":false},"in2DMode":false,"pivot":{"x":114.74159240722656,"y":5.011410713195801,"z":-110.62216186523438},"rotation":{"x":0.2976479232311249,"y":0.15235711634159089,"z":-0.04818961024284363,"w":0.9411405920982361},"size":55.482948303222659,"orthographic":false}